hospital_id,hospital_name,location,country
0,"Webb, Johnston and Long","597 Rodriguez Harbor Suite 206
South Gwendolynborough, CO 31550",Guam
1,Swanson and Sons,"608 Melissa Villages
Alanview, NM 48088",Iraq
2,Anderson Inc,"45283 Jeanette Islands Suite 841
New Christophermouth, NC 63121",American Samoa
3,"Carlson, Gomez and Scott","908 Geoffrey Canyon
Jamieburgh, IL 11783",Spain
4,Harris-Walker,"091 Cathy Crossing Apt. 655
West Maria, WI 43324",Mongolia
5,Martinez and Sons,"793 Bryant Knoll Suite 664
Port Bethany, NJ 41880",Sao Tome and Principe
6,Johnson PLC,"USNS Burke
FPO AE 90224",Dominica
7,"Lamb, Blankenship and Davis","5536 Tina Plains Apt. 475
Clarkehaven, OK 62766",Marshall Islands
8,"Allen, May and Davis","05270 Alexandra River
North Nathanshire, WI 70524",Uruguay
9,Gonzalez-Martin,"USNV Blair
FPO AP 69435",Macao
10,Thompson-Nichols,"484 Gabrielle Mills
Lake Michael, CT 83057",Singapore
11,Singleton LLC,"91148 Amanda Radial Apt. 212
Heatherborough, NV 27642",Saint Lucia
12,Donaldson Ltd,"843 Andrew Lodge Apt. 585
Travistown, CA 27895",Estonia
13,Cook-Holland,"907 Riley Keys
Michaelstad, ME 33790",South Africa
14,"Johnson, Bell and Dougherty","7641 Davidson Islands Apt. 673
South Melanie, OR 38688",Ukraine
15,Yang PLC,"485 Foster Dam
Danielberg, GA 16725",Paraguay
16,Rice Inc,"Unit 3599 Box 9392
DPO AP 83834",United Arab Emirates
17,Smith-Ramirez,"289 James Park Apt. 186
East Sherry, NM 88926",Uruguay
18,Harris Group,"6298 Moore Course
Spencehaven, OK 66310",Ghana
19,Pacheco-Romero,"721 Richardson Parkway
North Lisa, MO 48190",Turks and Caicos Islands
20,Gomez-Miller,"321 Sarah Extension
South Josephstad, ID 21871",Dominican Republic
21,Schmitt Inc,"1379 Garcia Ports
Christinaborough, GA 81821",Cote d'Ivoire
22,Cruz-Robertson,"447 Barbara Springs
Matthewsland, WV 81368",Svalbard & Jan Mayen Islands
23,Bennett-Friedman,"26974 Rodney Plains Suite 050
North Catherine, WY 32499",Sierra Leone
24,Rodriguez-Young,"374 Tyler Green
Lake Robynmouth, MA 07564",Lithuania
25,Molina and Sons,"80635 Adams Inlet
East Jorge, WA 97303",Bahrain
26,"Parker, Terry and Park","3120 Deborah Locks Apt. 363
Beckerport, AR 16059",Yemen
27,Potter-Cunningham,"1198 Richardson Expressway Apt. 219
Kathrynfort, VT 67001",Saint Pierre and Miquelon
28,"Walker, Boyd and Sanchez","1387 Jill Crescent Apt. 588
Hendricksport, WI 76493",Pakistan
29,"Castro, Moore and Williams","Unit 8360 Box 6472
DPO AP 40918",Nigeria
30,Anderson-Wright,"723 Ho Avenue Suite 835
New Sarah, RI 82461",Finland
31,Wolfe Ltd,"902 Baker Turnpike Apt. 184
Thomasstad, KS 65033",Japan
32,Smith-Simmons,"693 Leslie Pass
Elizabethfort, DC 85335",Somalia
33,"Gillespie, Carter and Hale","79100 Howell Fall Apt. 119
New Robertmouth, TN 22779",Israel
34,Miller-Williams,"60333 Ryan Gardens Suite 541
Bensonstad, OH 31146",Faroe Islands
35,Morris-Moore,"57318 Jason Village
Port Brenda, MI 99798",Turkmenistan
36,Turner-Booth,"04727 Hodge Unions Suite 430
East Sheila, NM 05675",Congo
37,Young Inc,"3511 Acosta Row
Taylorland, IL 31191",Ireland
38,Scott-Jones,"37482 Nancy Trafficway
Spencerville, NH 68421",Tuvalu
39,"Harding, Williams and Martin","USCGC Lewis
FPO AE 48405",Palau
40,Ward-Garcia,"554 Hess Dam
Lake Lynn, MN 71673",Germany
41,"Leonard, Palmer and Ayala","2871 Christopher Branch
Williamston, NE 45921",Benin
42,"Le, Lee and Murray","PSC 2295, Box 8445
APO AE 14359",Cyprus
43,Farrell Group,"716 Amanda Pike Suite 719
Monicatown, MN 86152",Egypt
44,"Brown, Mccarthy and Hicks","080 Martha Street
West Fredport, MD 88074",Venezuela
45,"Nolan, Campbell and Mitchell","1480 Campos Meadows Suite 156
North Jose, NV 26097",Malaysia
46,Galloway and Sons,"2859 Joshua Neck
Port Jenniferview, NH 65398",India
47,Jones Group,"14080 David Meadows
Port Veronica, VA 56812",Lebanon
48,"Matthews, Phillips and Dawson","PSC 4383, Box 9772
APO AE 45245",Lao People's Democratic Republic
49,Jackson PLC,"1298 Krueger Spring
New Jacobborough, MO 59937",Lebanon
50,"Medina, Miller and Gill","30403 Estrada Squares
Clarkshire, WY 98648",Sudan
51,Robbins-Leonard,"40722 Jensen Knoll Apt. 240
South Blake, LA 83490",Isle of Man
52,"Fisher, Garcia and Patrick","Unit 6062 Box 3985
DPO AE 40537",Sao Tome and Principe
53,Johnston-Gray,"2684 Lee Mission
Carriemouth, VA 80821",Peru
54,Jones-Ortiz,"Unit 4403 Box 6064
DPO AE 39256",Tajikistan
55,Parks PLC,"78899 Veronica Isle Apt. 063
Fieldsside, KS 47735",Iran
56,Gomez and Sons,"6725 Matthew Via Suite 338
New Gabrielle, TX 17356",Lesotho
57,Rodriguez-Wilson,"81017 Wolfe Parkway
Collinsstad, DE 44874",Nauru
58,"Murray, Reynolds and Santana","40123 Jennifer Fall
Trevorbury, AL 10591",Iran
59,Chase-Ortiz,"903 Heather Inlet
Palmermouth, PA 93984",Cocos (Keeling) Islands
60,"Gonzalez, Larson and Perez","607 King Rapids Apt. 315
West Isaacmouth, MO 68856",Thailand
61,"Reyes, Jones and Powell","2252 Gregory Corners Suite 258
North Briantown, CA 53802",Kazakhstan
62,"Lopez, Case and Atkinson","525 John Canyon Apt. 145
Hicksfurt, FL 88148",Turkmenistan
63,Hernandez-Phillips,"693 King Hollow
Lake Matthew, ID 91368",Serbia
64,Lam Group,"93627 French Ways Suite 589
Susanhaven, MD 06861",Honduras
65,"Lane, Stevens and Macias","7182 Matthew Dale Suite 592
Corteztown, RI 68773",Congo
66,"Wilson, Russell and Sullivan","284 Scott Island
Port Christinebury, KS 45746",Paraguay
67,Anderson-Huerta,"338 Gates Plains
Leebury, ID 47252",Saint Pierre and Miquelon
68,Walker LLC,"0074 Steven Mount Apt. 902
Graceshire, SC 97619",Micronesia
69,Douglas PLC,"78758 Aguilar Road
Charlesville, OR 04365",Falkland Islands (Malvinas)
70,Hamilton and Sons,"506 Holly Drive
Williamport, IN 48005",Bouvet Island (Bouvetoya)
71,"Ford, Wilson and Freeman","89904 Robert Springs
Hallhaven, MT 29076",Venezuela
72,Bowers-Carlson,"72516 Karl Cliffs Apt. 414
Chenside, NM 87047",Tunisia
73,Banks Inc,"257 Amy Stravenue
North Davidberg, MA 35622",Taiwan
74,"Li, Phillips and Vasquez","175 Jason Harbor
Jonesborough, CA 13803",Burundi
75,Silva Group,"64457 Hooper Ports Apt. 225
Lake Jesse, NJ 48003",Denmark
76,Carson-Richards,"26168 Jones Forest
Mcfarlandton, MI 60134",New Caledonia
77,Booker Group,"18050 Wolfe Lock
New Elizabeth, OR 85025",Djibouti
78,Martinez-Obrien,"USS Mccoy
FPO AP 67209",Bulgaria
79,Jackson Inc,"7447 Williams Port Suite 197
Youngport, MD 29758",Costa Rica
80,"Chan, Young and Vega","0777 Smith Spurs Suite 970
Alexanderside, WV 86678",Cayman Islands
81,Foley-Williams,"31439 Terry Light Apt. 280
Hartfurt, MT 58324",Mozambique
82,"Johnson, Hoffman and Snyder","PSC 9670, Box 6414
APO AE 96238",Belgium
83,Schwartz LLC,"450 Murphy Ports Apt. 717
Andersonfurt, FL 13792",India
84,"Powell, Thomas and Orr","8322 Daniel Mills
Patrickport, RI 98006",Cayman Islands
85,Huber LLC,"720 Harvey Prairie Suite 123
Robertland, NM 96092",Nigeria
86,Ortiz LLC,"PSC 1084, Box 3493
APO AP 81408",Myanmar
87,"Bonilla, Hayes and Mcclain","45796 Olivia Spurs
Port Danielle, IA 71952",Korea
88,"Kim, Burke and Curry","4846 Taylor Trail
East Allen, UT 78084",Saint Kitts and Nevis
89,Long-Waters,"402 Jones Underpass Apt. 336
Jessicaborough, WA 00996",Poland
90,Pope-Davis,"78280 Suzanne Field
Lake Linda, KY 08750",Eritrea
91,Fowler-Graham,"966 Mendoza Wall Apt. 647
Mataton, SD 39055",Bahamas
92,"Strickland, Rogers and Thompson","097 Johnson Station
South Nicole, SD 88255",Ukraine
93,Sanchez Inc,"556 Rachel Estate Apt. 709
Laurashire, IN 94227",Greenland
94,Williams Group,"36435 Jane Estate
Allenmouth, UT 34750",Ireland
95,"Wagner, Richardson and Everett","PSC 7228, Box 9773
APO AP 21250",San Marino
96,Perry-Daniels,"484 Alexander Village Apt. 877
Jeffreychester, UT 81621",Andorra
97,Henderson Inc,"507 Mcmillan Extensions
New Gregory, MN 67161",Iraq
98,Olson-Gordon,"3041 Justin Mews
South Patricia, WI 91858",Montserrat
99,"Hill, French and Lee","72474 James Cliffs Apt. 876
Erictown, GA 63271",Bhutan
100,Johnson-Flores,"897 Michael Pine Apt. 952
Port Robert, AL 90514",Aruba
101,Johnson LLC,"085 Young Burg
Phillipstad, IA 09659",Central African Republic
102,"Miles, Rogers and Mckinney","589 Melissa Well
Christopherborough, MT 97815",Uruguay
103,Barnes Group,"Unit 9036 Box 4206
DPO AE 17184",Benin
104,Rodriguez Inc,"3328 Young Fords
Lake Monica, FL 94411",Malawi
105,"Chang, Fields and Buck","818 Peter Causeway
Luiston, MO 76491",Puerto Rico
106,Abbott-Morales,"20789 Margaret Union Apt. 958
Lake Maria, MD 68914",Liberia
107,Hawkins Group,"322 Nicole Island Apt. 941
Anthonyberg, MD 07726",Burkina Faso
108,Hall and Sons,"7480 Schneider Squares
Kendrafurt, NM 69979",Libyan Arab Jamahiriya
109,"Howard, Johnson and Martin","0238 Daniel Shores Apt. 336
Brianburgh, ID 33388",Tajikistan
110,Baird-Taylor,"819 Williams Plain Apt. 179
Melissachester, OR 88458",Falkland Islands (Malvinas)
111,Arnold-Chandler,"PSC 2428, Box 4898
APO AA 87074",Ghana
112,Martinez-Blake,"51440 Carey Port Suite 127
Lauraport, PA 29367",Cocos (Keeling) Islands
113,"Montes, Castro and Bennett","93794 Erik Forges Suite 448
Rosalesstad, OR 49300",Algeria
114,Vincent-Parsons,"0395 Paul Plain Suite 550
Webstermouth, AK 01029",Saint Helena
115,"Elliott, Reed and Taylor","8611 Martin Manors
Brownburgh, UT 62237",Latvia
116,Cole Inc,"5095 Melissa Grove Apt. 463
Rachelhaven, VT 72709",Sierra Leone
117,Goodman LLC,"Unit 2470 Box 3417
DPO AP 29399",Portugal
118,"West, Wolfe and Lee","PSC 1739, Box 9189
APO AA 34267",Guyana
119,"Stewart, Thomas and Henry","PSC 5143, Box 7223
APO AA 89192",Swaziland
120,Moore PLC,"138 Jackson Villages
East Catherine, CA 67832",Belarus
121,Garner-Mcintosh,"1980 Catherine Inlet
Nancychester, OR 76124",Central African Republic
122,Lee-Edwards,"13726 Eric Summit Apt. 226
New Johnfort, AZ 47677",Indonesia
123,Rodriguez and Sons,"471 Rose Villages
North Ericatown, ND 81868",South Georgia and the South Sandwich Islands
124,Jones-King,"17318 Veronica Ramp Apt. 456
Port Michaelview, NH 34843",Norway
125,"Hudson, French and Collins","6762 Matthew Way
Andrewland, IA 58385",Turks and Caicos Islands
126,"Jenkins, West and Guzman","Unit 7081 Box 3495
DPO AE 74859",Saint Vincent and the Grenadines
127,Hernandez-Davis,"518 Teresa Plaza
West Penny, NV 07940",Saint Helena
128,Brown Inc,"Unit 6160 Box 5500
DPO AP 01914",Cambodia
129,Hicks-Reed,"794 Brenda Crest Suite 386
West Deborah, MS 96648",Somalia
130,Long Inc,"92873 Fleming Springs
Millsstad, SD 65026",Kenya
131,Johnson-Figueroa,"26146 Jody Canyon
West Timothy, ME 81159",Australia
132,Ramirez Group,"548 Jesse Ford Suite 456
Rushstad, WV 88671",Timor-Leste
133,Daniels-Ball,"3527 Chang Gateway
South Johnland, AZ 09439",Moldova
134,Miller-Stewart,"66994 Julie Manors
East Rubenstad, OR 27598",Turkmenistan
135,Fischer-Terry,"47354 Stephanie Key Suite 811
South Mirandaborough, KY 96483",Burundi
136,"Jones, Nichols and Banks","5524 Lori Keys
East Samuel, OK 16774",El Salvador
137,Ho-Hoffman,"1519 Melissa Circles
Ramosmouth, AL 85790",South Georgia and the South Sandwich Islands
138,Hutchinson-Alvarez,"104 Evans Rapids Apt. 043
Lake Christopher, LA 42720",Senegal
139,"Parks, Henry and Thompson","20079 Kevin Corner Apt. 667
North David, LA 34690",Holy See (Vatican City State)
140,Stark LLC,"9373 Rebecca Ridge Suite 669
Jacquelineport, AR 08290",Iceland
141,Lee-Weber,"3732 Waller Locks Suite 634
Priceview, MT 06913",Algeria
142,Barrett-Taylor,"4243 Robert Walk Suite 332
South Matthew, WA 25458",United States Virgin Islands
143,Jensen-Castro,"6549 Price Canyon Apt. 479
Lambertton, KY 71274",Bhutan
144,Thomas LLC,"3671 Brian Squares
Kimberlytown, LA 42139",Germany
145,Hill-Wheeler,"25599 Acosta Estates Suite 655
Jessicaside, CA 27095",Malta
146,Villarreal Group,"79574 Andrew Hill Suite 230
West Tiffany, NH 91522",Sweden
147,Holmes PLC,"6052 Hebert Rest Suite 034
Powellstad, NC 76609",Isle of Man
148,"Callahan, Johnson and Johnson","564 Clark Forest Suite 622
Johnton, GA 72963",Slovenia
149,Ford Ltd,"7708 Joshua Crossing Apt. 973
Christopherfurt, NM 74148",Falkland Islands (Malvinas)
150,"Gill, Brown and Johnston","8878 Jennifer Valley
Port Debra, UT 49706",Saint Martin
151,Green Group,"20209 Kimberly Points Suite 742
South Williammouth, VA 61480",Guyana
152,Russell PLC,"41193 Deborah Via Suite 885
South David, OK 02804",Pakistan
153,Smith-Whitaker,"04871 Davis Cape
Mindyview, WI 15185",Saudi Arabia
154,Bender-Smith,"5262 David Corner
Denisebury, KY 12839",Croatia
155,"Clark, Anderson and Johnson","141 James Hills Suite 615
Port Janet, CT 17265",Heard Island and McDonald Islands
156,"Martinez, Rodriguez and Long","USNV Wood
FPO AP 35450",Zambia
157,Cunningham Inc,"0632 Charles Bypass
Christinaport, NM 45097",Svalbard & Jan Mayen Islands
158,"Kline, Mcclure and Clark","35054 Munoz Roads
Port Travisburgh, MO 01284",Ghana
159,Schaefer Inc,"0227 Ross Locks
South Mark, SD 33423",Sri Lanka
160,"Jones, Johnson and Park","3701 Shannon Land Suite 595
Williamsside, AZ 17738",Netherlands Antilles
161,"Simpson, Price and Thomas","8906 Williams Fork Apt. 668
South Gregory, NJ 56195",Saint Helena
162,Malone-Herrera,"1955 Howard Club
North Loriport, CA 17189",Algeria
163,Garza PLC,"4841 Lisa Parkways Apt. 420
Kellyland, OH 22252",Dominican Republic
164,Griffin PLC,"63358 John Mission
North Jeffreyfurt, CO 70317",Micronesia
165,Boyd Inc,"99404 Newman Ville
East Laura, FL 17996",Myanmar
166,French-Newton,"17123 Brett Mission
Jeffreyberg, TX 98884",United Kingdom
167,Mitchell-Stewart,"929 Lisa Orchard Suite 021
Murphyberg, MD 29840",United Arab Emirates
168,Zamora Inc,"USS Joseph
FPO AE 86294",South Georgia and the South Sandwich Islands
169,Moore PLC,"03437 Sexton Station
Angelafurt, AK 87876",France
170,Cox Inc,"01933 Jessica Mill Suite 520
West Cheryl, DC 86296",Burkina Faso
171,"Hammond, Walters and Stevens","46392 William Forks Apt. 994
New Kristen, TN 91248",American Samoa
172,Aguilar-Mcintosh,"3501 Tracy Plaza
West Anita, PA 54946",Barbados
173,Walter and Sons,"74422 Herrera River
Mooretown, MN 38059",Saint Pierre and Miquelon
174,"Mitchell, Henderson and Lara","9374 Reed Viaduct Suite 987
West Garrettburgh, TX 18754",Poland
175,"Flowers, Delacruz and Barron","477 Melissa Landing
Christineport, IA 98344",Cook Islands
176,Oneal-Brown,"11475 Townsend Springs
Rosestad, DE 70840",Kenya
177,Chaney Group,"USNV Williams
FPO AA 98053",Greece
178,Ward-George,"622 Washington Ways Suite 822
North Michael, OH 41557",Mali
179,"Bell, Garcia and Gregory","2187 Jordan Fields Apt. 100
Lake Christopherside, OH 28203",Antarctica (the territory South of 60 deg S)
180,"Jones, Morgan and Washington","44464 Spencer Lights
Crawfordport, TX 20754",Malta
181,Reed-Salazar,"26652 Sharon Forks Apt. 998
New Robert, IA 58447",Kenya
182,Nichols-Robinson,"32144 Burns Landing
East Elizabeth, OK 75252",Togo
183,Camacho-Flores,"1210 Lang View
East Alanside, TX 75115",Guadeloupe
184,Doyle Group,"7108 Rasmussen Street
Fitzgeraldview, NC 79630",Fiji
185,Miller-Schaefer,"4853 David Route
Samanthaland, LA 56067",Macao
186,Jones-Rose,"32473 Johnson Island
Lovechester, NH 13684",Western Sahara
187,"Patel, Sawyer and Wilson","035 Karen Ports
Porterside, MO 54663",Georgia
188,Rose-Ritter,"5860 Ronnie Square Apt. 916
New Lindaside, OK 40844",Jersey
189,Parker Inc,"250 Sydney Stravenue Apt. 116
East Kara, MI 43888",Gibraltar
190,Schmidt and Sons,"92070 Hunter Green Suite 258
Smithberg, MT 34001",Taiwan
191,"Mahoney, Wood and Lee","4336 Taylor Creek
Nicholasstad, OH 56758",El Salvador
192,Ford-Davis,"59087 Susan Hollow
Hamiltonchester, MO 42137",French Polynesia
193,"Hendricks, Contreras and Watson","8741 Ashley Street Suite 188
Port Joshualand, DC 73414",Mauritius
194,Weiss-Holland,"44516 Chris Rapid
Nielsenborough, SD 10261",Moldova
195,Banks Inc,"2872 Holly Avenue
West Jaredtown, WI 43420",Bolivia
196,Roberts LLC,"3512 Jessica Centers
Smithfurt, MO 69753",Reunion
197,Mckee PLC,"230 Bass Walk
Lake Jennifer, FL 40157",Senegal
198,"Willis, Nolan and Klein","6255 Nguyen Spring Apt. 945
Hardymouth, WA 61173",Wallis and Futuna
199,Wilson-Roberts,"PSC 1784, Box 5846
APO AE 22381",Singapore
200,Taylor LLC,"234 Mathews Trace
Jamietown, PA 48727",Albania
201,"Campbell, Stewart and Cruz","8713 Susan Port Suite 077
Port Daniel, ND 46143",Jersey
202,Whitney LLC,"736 Jackson Curve
South Thomaston, IN 85805",Bouvet Island (Bouvetoya)
203,Campbell-Hall,"PSC 6118, Box 1906
APO AP 01204",Namibia
204,"Perry, Johnson and Miles","2557 James Fort
Wadefurt, CO 29054",Guatemala
205,Diaz-Greer,"735 Martinez Gardens
Johnsonland, LA 25979",Hungary
206,"Griffin, Torres and Thomas","7001 Gregory Brook Suite 885
New John, ND 25726",Saint Pierre and Miquelon
207,"Oconnor, Smith and Johnson","84284 Stacey Hollow Suite 038
Elizabethborough, AK 78641",Niger
208,"Kaufman, Robbins and Alvarez","20396 Vincent Corners Apt. 764
East Ashleyborough, ND 40324",Western Sahara
209,Perez PLC,"17860 Adams Ranch Apt. 319
West Lauren, OR 21324",Montenegro
210,Ewing-Johnson,"339 White Plains Apt. 155
New Steven, FL 59837",Mayotte
211,Hall-Michael,"0825 Pugh Crest Apt. 286
North Christine, MD 07831",Cook Islands
212,"Williams, Dawson and Blanchard","4910 Timothy Shoals Apt. 209
South Paulaton, SD 65943",Korea
213,Hicks Inc,"17836 Melissa Meadow Suite 707
Lake Melissahaven, MS 03003",Austria
214,Kelly Inc,"76334 Alvarez Road Suite 635
New Natalie, OK 29966",Northern Mariana Islands
215,Acosta PLC,"964 Cunningham Well
Kimberlychester, RI 65815",India
216,"Morrow, Young and Franklin","097 Reynolds Valley Apt. 701
New Leslie, GA 84033",Nicaragua
217,"Reynolds, Baker and Clark","825 Melissa Valleys Apt. 666
Marialand, MT 95626",Morocco
218,"Davis, Buchanan and Goodwin","006 Williams Roads Suite 112
Riveratown, ID 02322",Macedonia
219,Holland Group,"015 Ball Station Apt. 115
Blackshire, TN 82167",Namibia
220,Shields-Stein,"963 Julie Ports Suite 754
Wrightchester, MI 68317",Cayman Islands
221,"Ward, Myers and Thomas","87005 Lester Rapids Suite 870
Flowersstad, MD 29400",United States Minor Outlying Islands
222,"Chavez, Allen and Martin","862 James Port Suite 369
New Kevinport, DC 10798",Northern Mariana Islands
223,"Beck, Black and Zimmerman","03673 Chang Summit Apt. 145
Davisburgh, NC 75492",Tokelau
224,Garner-White,"06166 Anna Meadows Suite 087
New Alyssaside, OH 09311",Saint Vincent and the Grenadines
225,"Small, Avery and Rodgers","8082 Blackburn Stravenue Apt. 192
Castroview, MO 11600",Kiribati
226,Ponce Group,"587 Diane Centers
New Seanshire, ID 64678",Lithuania
227,Gonzalez Inc,"2702 Danielle Common
Carterchester, IL 75527",Tanzania
228,Taylor PLC,"592 William Fields Suite 568
Silvafurt, AZ 36581",Madagascar
229,"Johnson, Phillips and Rivas","2546 Kelsey Run Apt. 778
Tracyland, PA 92427",Romania
230,"Boyd, Cortez and Rose","9704 Rojas Ports Suite 102
Lake Bruce, MA 94342",United States Virgin Islands
231,"Brown, Chen and Macias","1347 Wood Lakes
North Samuel, OH 10716",Oman
232,Park-Morrow,"69688 Lawson Lodge
South Brittanybury, IA 43964",Armenia
233,Flores-Joseph,"771 Ricardo Forge Suite 306
Ramosberg, MO 47627",Dominica
234,Flowers PLC,"54723 Evans Estate
New Melinda, AR 25323",Denmark
235,Johnson-Santana,"Unit 2491 Box 3787
DPO AP 37502",Slovenia
236,Stewart-Lamb,"8860 Bauer Street
Reevesville, MN 42002",Guinea
237,Fisher and Sons,"8861 Carol Shore Suite 894
North Daniel, MA 52674",Burkina Faso
238,Smith-Nguyen,"598 Miranda Highway
Valenzuelafurt, OR 97272",Bermuda
239,Davenport Inc,"2284 Carpenter Hollow Suite 190
Jonathonstad, NH 13872",Algeria
240,Kelly-Johnson,"255 Wells Lock Apt. 203
North Angela, WV 77081",Indonesia
241,Martinez Ltd,"1896 Robin Keys
Leeview, GA 23124",Maldives
242,Evans-Little,"09161 Kevin Mission Apt. 297
Joneston, KY 94717",Christmas Island
243,Gomez-Massey,"053 Shaffer Shores
Nealton, ND 42328",Russian Federation
244,"Fowler, Cole and Simon","0398 Lawson Manors
Port Justin, TX 61461",Netherlands Antilles
245,Hernandez-Salazar,"88870 Michael Unions
North Christine, SD 51028",Bolivia
246,"Willis, Jones and Elliott","1960 Don Gateway
Dannychester, NE 81701",Christmas Island
247,"Allison, Terry and Williams","7109 Jaime Rest Apt. 579
Powellberg, NH 92910",Kuwait
248,Rodriguez-Miller,"894 Ferguson Row
Kyleburgh, OH 93874",Palau
249,"Griffin, Olsen and Kline","91660 George Greens Apt. 844
Sheltonbury, OK 57537",Mozambique
250,Goodman Ltd,"963 Gill Track Suite 926
New Christopherland, MS 95478",Brunei Darussalam
251,Young-Spears,"716 Brian Run
Susanton, MD 67135",Latvia
252,"Fernandez, Velez and Phillips","65223 Debra Burgs Suite 677
Brownburgh, DE 29436",Palau
253,"Ramirez, Navarro and Hamilton","766 Robert Springs
Lake David, IA 50026",Ukraine
254,"Shelton, Hayden and Collins","97618 Daniel Point
Hartmanside, ID 81092",Congo
255,Yang-Whitaker,"581 Davila Stravenue
Jenniferburgh, WV 59939",Sierra Leone
256,Maldonado LLC,"20457 Calvin Pine Apt. 789
East Brett, DC 97739",Nigeria
257,Hernandez Ltd,"29805 Welch Road Suite 555
South Carl, AR 65626",Benin
258,Mccarty Group,"20746 Daniel Keys
Morrisview, ND 21007",United Arab Emirates
259,"Dunlap, Bautista and Brown","691 Vincent Turnpike
Lake Kyleshire, SD 40710",Montenegro
260,Davis-Gonzales,"79323 Kelly Rapids Apt. 314
Sarahland, ND 65819",Guyana
261,Martinez-Koch,"49396 Buchanan Knoll
North Laura, OK 83142",Myanmar
262,King Group,"3283 Patricia Cove
Jilltown, NH 97583",Brazil
263,Meza-Dixon,"71488 Lambert Dam
Mezafurt, MD 07232",Benin
264,Smith-Crane,"68215 Peck Shore Suite 394
West Jason, OK 06261",Togo
265,Burgess-Riley,"85017 Elliott Shores
South Stacie, RI 22720",Bulgaria
266,Hill-Stephens,"557 Nicole Avenue Suite 765
Lake Gabrielle, DE 73002",Turks and Caicos Islands
267,Burns Inc,"6213 John Parks
Port Jacobfurt, UT 14987",Turkey
268,Rivera-Hughes,"95168 Dickson Freeway
North Adam, TX 64773",Cyprus
269,Lutz-Mclaughlin,"08724 Nicole Lane Suite 888
Jillland, AZ 63785",Mexico
270,"Adams, White and Jones","096 Tucker Hill Suite 624
Wagnerton, DE 93151",Saint Kitts and Nevis
271,"Smith, Lindsey and Campos","601 Arnold Extensions
Port Karenmouth, PA 24822",Croatia
272,"English, Smith and Williams","7504 Thomas Creek Suite 264
South Mark, GA 47015",Israel
273,Robinson Ltd,"590 Kristi Stravenue Suite 094
Hallburgh, ND 59578",French Guiana
274,"Kelly, Parsons and Lewis","260 Austin Island
Toddtown, AR 34506",Luxembourg
275,Lester Group,"9938 Valdez Well
Mckeebury, OK 32012",Paraguay
276,"Brown, Davis and Smith","524 Malone Course
Moorestad, NE 17154",Madagascar
277,"Skinner, Hoffman and Jones","562 Robert Corners Apt. 618
New Adam, ID 14797",United Arab Emirates
278,Lynch-Patel,"411 Randall Neck Suite 174
Edwardsland, WI 58263",American Samoa
279,Myers Ltd,"PSC 0459, Box 6641
APO AA 96416",Svalbard & Jan Mayen Islands
280,Murphy-Harris,"USNV Taylor
FPO AE 91519",Ethiopia
281,Jacobson-Ruiz,"4690 Gillespie Bridge
Josephchester, SD 50601",American Samoa
282,Peterson and Sons,"751 Sean Fall Suite 978
Kristaview, CT 08809",Brazil
283,Hill-Young,"72521 Hancock Fork Apt. 796
Calderonbury, WY 58213",Anguilla
284,"Martinez, Watson and Scott","815 Marissa Ranch
Stevenfort, ID 41602",French Southern Territories
285,Camacho PLC,"56006 John Circles Apt. 610
Teresachester, AK 49910",Austria
286,"Hart, Williams and Brown","992 Martinez Motorway Apt. 182
South Victoria, WV 80084",Guernsey
287,Matthews PLC,"165 Joseph Forks
Ryanmouth, VA 29100",Lesotho
288,Smith-Evans,"Unit 1624 Box 0587
DPO AP 95962",Singapore
289,"Mcbride, Hernandez and Arias","99387 Daniel Courts
Hallbury, TN 83507",Seychelles
290,"Hoffman, Sherman and Tate","651 Adam Valleys Apt. 487
New Robert, ND 73998",Bangladesh
291,Rodriguez-Martinez,"607 Sanchez Passage
Molinaside, PA 98511",Tuvalu
292,Green-Combs,"8672 Chad Locks Apt. 096
Coryside, MS 16039",Kyrgyz Republic
293,Fleming Inc,"15004 Ashley Mews Suite 318
Harrismouth, PA 48917",Turkey
294,"Rodriguez, Christian and Snyder","2923 Lisa Village
South Anthony, CT 67831",Palestinian Territory
295,Burnett and Sons,"3216 Porter Mountain
Marissaborough, AK 30715",Algeria
296,Sullivan Group,"7927 Smith Tunnel
South Maryville, MN 06450",Gabon
297,Sexton-Andrade,"783 Watts Lodge
North Shari, CA 10065",Cameroon
298,"Lopez, Lee and Thompson","21801 Hopkins Freeway
East Ashleyfort, ND 75494",Benin
299,Bell Group,"44242 Becky Manor
Port Nicholas, OK 90209",Norfolk Island
300,Gregory-Simon,"4637 Seth Extension
Johnport, KS 97547",Iceland
301,"Wood, Farmer and Taylor","9129 Miller Summit
Johnsonhaven, SD 08347",Senegal
302,Richardson Ltd,"26336 Ayala Parkways Apt. 094
North Michaelton, AZ 15854",Guernsey
303,"Powell, Calderon and Ali","0134 Martin Inlet Apt. 104
East Allenview, MI 95111",Macedonia
304,Shaffer Ltd,"7914 Martin Forges
Sarahton, TX 17833",Martinique
305,Black-Phillips,"4595 Tristan Spurs Apt. 050
South Lori, DC 93713",Mexico
306,Hutchinson PLC,"41500 Patrick Haven Suite 527
South Stephen, LA 31634",Cote d'Ivoire
307,Maldonado Inc,"8224 Stephanie Mill
South Cindymouth, WV 55346",Morocco
308,"Kelley, Serrano and Garcia","464 Smith Bridge Apt. 918
Port Danielberg, NJ 13290",Cameroon
309,Johnson-Gibson,"41427 Brian Pines Suite 593
New Sarahland, MT 79303",Namibia
310,Clark-Pitts,"3368 Chad Spurs
Lisafort, NC 23515",Anguilla
311,Golden-Lopez,"446 Cassandra Overpass
Laurastad, WV 52864",Taiwan
312,"Griffith, Bullock and Knight","35885 Gordon Row
Tannerberg, AR 84428",Congo
313,Solomon-Price,"00012 Webb Unions
Sandytown, MA 52630",Timor-Leste
314,Lopez-Sheppard,"676 Kimberly Stravenue
Port Aaron, LA 72123",Vanuatu
315,Cooper Ltd,"PSC 9073, Box 9860
APO AA 02728",Brunei Darussalam
316,Morris Group,"035 Brittany Rest
West Stacyshire, UT 77657",Montserrat
317,Francis-Conway,"425 Martinez Mall Suite 907
Port Emily, TX 42603",Belarus
318,"Taylor, Turner and Crawford","82649 Yvonne Dale Apt. 039
North Connormouth, ND 76355",Martinique
319,Stark-Evans,"98860 Sean Square Suite 806
Stewartshire, WA 65848",Martinique
320,Pacheco-Williams,"45064 Martinez Valleys
Mitchellborough, WA 42739",Namibia
321,Howard Group,"50677 Sandra Islands
Myersstad, MD 83231",Tokelau
322,Warren Group,"28327 Malone Drive Apt. 176
East Christopher, RI 74417",El Salvador
323,"Molina, Wallace and Williams","209 Jacqueline Grove
West Jonathanport, VA 17479",Uzbekistan
324,Vega-Carrillo,"001 Amber Dale
West Joshuaport, AK 27827",Central African Republic
325,"Munoz, Cooper and Gill","4161 Austin Haven
Angelafurt, MS 51233",Estonia
326,Small-Harrell,"993 Isaiah Bridge Suite 558
Lake Dwayne, OK 98872",Singapore
327,Smith-Castro,"37172 Whitney Unions Suite 489
Lake Lauren, PA 52498",Cook Islands
328,Ortiz-Dalton,"320 Robert Spring Apt. 573
North Stacy, NY 07552",Korea
329,"Horton, Hicks and Davis","91996 Lisa Common
West Carolyn, OK 71049",Uruguay
330,Simpson LLC,"50372 Beck Circle Suite 936
Lake Curtiston, MS 66221",Congo
331,Kim and Sons,"2396 Miller Villages
South Maureen, SD 00796",Fiji
332,"Luna, Potts and Collins","164 Clark Street
Tannermouth, NM 15045",American Samoa
333,Butler Group,"USCGC Luna
FPO AA 71527",Namibia
334,Pope-Blanchard,"PSC 9421, Box 6515
APO AA 35655",Swaziland
335,Osborne-Lee,"8546 Jesus Land Apt. 479
Stephenland, CO 80247",Senegal
336,"Kim, Miller and Foster","Unit 4424 Box 1630
DPO AE 10015",Bulgaria
337,Copeland-Mcintosh,"6349 Warner View Suite 510
Brendastad, DC 36270",Zimbabwe
338,Alexander-Walker,"2405 Cindy Shores Suite 428
Lindseychester, AK 00911",Peru
339,"Hunt, Pope and Smith","15906 Young Street
Michaeltown, DC 58053",Philippines
340,Alexander-Hunter,"1620 Flynn Place
Bestchester, MT 91408",Cayman Islands
341,"Lamb, Reed and Sanchez","1842 Black Isle
Mcgeeport, MS 13253",Benin
342,Miller-Carroll,"21272 Brandon Locks
Andersonmouth, WV 52401",Congo
343,Salazar LLC,"169 Kline Parkways
Robinfort, MA 09391",Brunei Darussalam
344,"Bryant, Hernandez and Mcdowell","USS Wolf
FPO AP 67660",Malawi
345,Cooper Inc,"Unit 2740 Box 2518
DPO AE 10163",Greece
346,Jimenez-Robertson,"USNS Diaz
FPO AP 53483",Dominica
347,Ruiz-Lawson,"371 Kirby Canyon
West Stacyland, UT 98365",Palau
348,Brown-Lopez,"569 Joel Summit
Lake Laura, KY 44833",Lesotho
349,Weaver-Moody,"16204 Flynn River Apt. 965
Catherinehaven, AK 73437",Chile
350,"Thompson, Bradford and Yoder","77163 Mcclure Oval Apt. 064
North Stephenbury, KY 08072",Iran
351,Howard Inc,"523 Nicholas Park
Duartemouth, MD 56438",Somalia
352,Garcia-Morris,"74225 Victoria Track
Chavezberg, NJ 32767",Northern Mariana Islands
353,Barrera Group,"9067 Adams Skyway Suite 841
West Valerie, VA 28252",Mongolia
354,Burnett-Ward,"532 Matthews Expressway Suite 887
Georgetown, NV 47446",Bolivia
355,"Rice, Pope and Schmidt","USS Copeland
FPO AP 37245",Lesotho
356,"Powell, Leblanc and Long","USNV Bowers
FPO AE 03770",British Indian Ocean Territory (Chagos Archipelago)
357,"Taylor, Thompson and Cervantes","2040 Bautista Crest Apt. 849
Rossberg, DC 75131",Bolivia
358,Bailey Ltd,"Unit 0189 Box 7445
DPO AA 92435",Poland
359,Hill Ltd,"7183 David Springs
Danielberg, NC 44057",Ethiopia
360,Richmond-Wheeler,"2578 Patrick Estate
Taylorton, AZ 48763",Peru
361,"Nelson, Cole and Brown","57701 Collins Corners
Tinastad, AR 13419",Western Sahara
362,Figueroa-Green,"232 Ellen Spurs Suite 951
West Jamieberg, KS 84834",Algeria
363,"Cox, Anthony and Mason","15274 Brittany Valleys
Thomasville, PA 03472",Marshall Islands
364,Olson Inc,"32715 Krista Spurs
Huffmouth, RI 74659",Moldova
365,Webb-Butler,"565 Houston Light Suite 949
Matthewsfort, MI 98092",Libyan Arab Jamahiriya
366,West-Potter,"3826 Teresa Meadow Suite 327
West Rhondashire, OH 15709",Uruguay
367,Leblanc-Russell,"415 Contreras Spur Suite 524
East Kurt, IN 11568",Guam
368,Ruiz PLC,"399 David Shoals
Haneyside, NH 94646",Kyrgyz Republic
369,Lopez-Edwards,"420 Hernandez Circle
West Kathyburgh, HI 64711",Saint Helena
370,"Holder, Stephens and Adams","43341 Thomas Pine
Lake Josephville, KS 14149",American Samoa
371,Bruce-Lyons,"1589 Crawford Spring Suite 951
New Austin, KY 85928",Saint Lucia
372,Fernandez-Franklin,"21066 Clarence Rapid Apt. 301
Johnsonport, TX 15690",Latvia
373,Hoover and Sons,"1891 Brown Coves
West Tammy, DC 14393",Saint Vincent and the Grenadines
374,"Burgess, White and English","USNS Page
FPO AA 37748",Gibraltar
375,"Espinoza, Underwood and Townsend","0839 Lori Parks
Kylehaven, VT 89507",Uruguay
376,Campbell-Gardner,"7231 Skinner Ridges
Frederickborough, CO 08832",Chad
377,"Smith, Floyd and Randall","46308 Roberts Expressway
South Michaelton, AL 40415",Bhutan
378,Mendoza PLC,"6110 Michael Parkway
North Jeremy, NC 15107",United Kingdom
379,Clark-Ingram,"64315 Myers Courts Apt. 682
Robinsonton, GA 81203",Finland
380,Baker Ltd,"8473 Beard Dam Apt. 985
Francesstad, WI 44288",Bahamas
381,"Johnson, Henry and Hernandez","6972 Parker River Apt. 099
East Christine, MA 01663",Dominica
382,"Gonzalez, Hall and Robinson","3781 Townsend Cape Suite 824
Lake Tamaramouth, MS 24396",Somalia
383,Edwards Group,"79963 Larry Brook Apt. 521
Kimberlyport, IA 21016",Maldives
384,Montgomery and Sons,"82209 Oneill Spurs
Brightshire, WI 55133",Mauritania
385,Torres Group,"4334 Jeffrey Knoll
Mirandamouth, IA 65885",Italy
386,Oneill-Davis,"991 Charles Points Suite 923
Bensonview, IA 23239",Peru
387,Solomon Ltd,"785 Davies Street Apt. 101
Juliahaven, WY 74290",Bahrain
388,Duncan Ltd,"938 Stacy Divide Suite 844
Campbellmouth, HI 12762",French Polynesia
389,Dorsey-Lowe,"6232 Cooper Gateway Suite 999
South Joannastad, SD 32826",Morocco
390,Campos-Butler,"1313 Curtis Port
Port Hannahside, NH 11664",Azerbaijan
391,"Schaefer, Jones and Robinson","38992 Kristen Shore Apt. 132
New Rachelport, MI 56945",French Polynesia
392,"Rivera, Hill and Torres","91139 Rios Rue Apt. 411
East Johnside, TN 36208",Congo
393,"Castillo, White and Ellis","248 Leslie Ferry
Loganshire, AK 54375",Heard Island and McDonald Islands
394,"Walker, Frey and Garrett","PSC 2369, Box 7299
APO AA 14572",Micronesia
395,Conley-Mills,"3388 Kirk Tunnel
Diazberg, CT 31484",Marshall Islands
396,Walton PLC,"965 Riley Cape Apt. 778
Blackborough, ID 64399",Svalbard & Jan Mayen Islands
397,Mclaughlin-Jackson,"651 Bryant Bridge Apt. 522
West Shannonmouth, MO 49674",New Caledonia
398,Garcia PLC,"868 Angela Shoals Apt. 609
New Mirandaborough, DE 79032",Heard Island and McDonald Islands
399,Baker and Sons,"482 Jones Lane Apt. 037
Veronicaport, UT 18411",Mayotte
400,Wallace PLC,"USS Oneill
FPO AE 64810",Palestinian Territory
401,Richardson-Clark,"802 Rachel Lodge Suite 614
Lake Lauraview, MO 44040",Marshall Islands
402,"Chapman, Garcia and Greene","222 Marissa Landing Apt. 209
Andersonville, TX 09122",Somalia
403,Matthews-Clark,"42942 Lisa Crossroad
Lake Gabriellemouth, VA 03858",Solomon Islands
404,Wise Inc,"30714 Johnson Turnpike Suite 910
Lisashire, ME 96464",Estonia
405,White-Hernandez,"36429 Myers Fields Apt. 974
Kennethfurt, RI 71052",South Africa
406,"Galvan, Johnson and Rowland","2402 Kelly Parks Suite 124
West James, CA 20100",British Virgin Islands
407,Elliott Ltd,"64880 Brian Trail
Scottmouth, ND 98357",Grenada
408,Wood-Nichols,"737 Jodi Pike
Crystalland, MA 23311",Mongolia
409,"Allen, Floyd and Sims","80475 Reynolds Unions Suite 866
Coreystad, MO 48100",Armenia
410,"Richards, Crawford and Tyler","60134 Marsh Mountains Apt. 072
Myersside, NY 78191",Germany
411,"Baker, Perez and Nelson","614 Luna Curve
Martinville, SD 63373",Madagascar
412,"Davis, Bray and Williams","26366 Christian Plain Apt. 010
Lesliefort, NH 08026",Uganda
413,Santiago LLC,"74945 Brian Ridge Suite 007
West Kathryn, UT 79091",Slovakia (Slovak Republic)
414,Cameron-Smith,"74260 Gardner Isle
Franklinbury, IL 36434",Angola
415,"Mcclure, Santiago and Paul","798 Miranda Locks Apt. 749
Aguilarberg, CT 77393",Myanmar
416,Foster-Weaver,"873 Lewis Fields
North Janet, WY 65809",Comoros
417,Thomas and Sons,"USS Gentry
FPO AE 28622",Slovenia
418,Crosby Group,"USNS Hunt
FPO AA 73304",Eritrea
419,Clark-Lester,"USS Lawson
FPO AA 96031",Cyprus
420,White-Ramirez,"PSC 6520, Box 2197
APO AA 86652",Mali
421,Stewart Group,"28341 Smith Circles Apt. 721
South Heatherburgh, OH 19755",Saint Barthelemy
422,Duarte-Gates,"PSC 0162, Box 8582
APO AA 43167",Guam
423,Sweeney-Francis,"710 Coleman Extension
North Pamela, MS 96761",Falkland Islands (Malvinas)
424,Ramos PLC,"14958 Hubbard Heights Apt. 406
West Theresa, HI 62428",South Africa
425,Day Inc,"400 Mathew Spurs
Lake Vincenthaven, WY 12967",India
426,"Smith, Mcbride and Hill","152 Brown Streets
East Terryfort, DE 10296",Panama
427,"Webb, King and Dunn","92762 Deanna Centers
Anafurt, FL 69232",Palestinian Territory
428,Miranda Ltd,"318 Earl Locks Apt. 573
West Sandra, HI 20594",Chile
429,Mitchell LLC,"02750 Byrd Ways
East Christopher, AK 90702",Croatia
430,Pugh-Tran,"616 Smith Mountain Suite 489
Campbellstad, ME 70713",British Indian Ocean Territory (Chagos Archipelago)
431,Parrish LLC,"USS Franco
FPO AP 10823",Tunisia
432,"Clark, Butler and Kidd","4090 Tracy Trail Suite 543
Phillipschester, IA 09665",Belgium
433,"Martinez, Riley and Johnson","692 Williams Loaf
West Cristinachester, SC 15005",Sao Tome and Principe
434,Lane-Mitchell,"2360 Campos Cliffs Apt. 864
Davidborough, KY 94631",Guinea-Bissau
435,Mueller-Ayala,"7229 Alexandria Burgs
Andersonberg, MT 05627",Suriname
436,Wells PLC,"USNV Russell
FPO AA 77496",Spain
437,"Love, Flores and Taylor","39231 Erin Springs Apt. 860
West Michaelton, SD 88335",United Kingdom
438,Pierce PLC,"PSC 3977, Box 3141
APO AP 50841",Slovakia (Slovak Republic)
439,Archer Ltd,"1462 Peters Run
Lake Thomas, AZ 13923",Bolivia
440,Castro-Johnston,"94525 Davis Brooks Apt. 380
Richardmouth, NE 84902",Malaysia
441,Mata and Sons,"1775 Johnson Circle Suite 511
Martinmouth, IN 61449",Netherlands Antilles
442,Mahoney and Sons,"3854 Angela Common
Port Tracybury, WA 07852",Guam
443,"Patrick, Butler and Reynolds","7196 Bishop Parkway Apt. 302
Wallchester, NY 79184",Norfolk Island
444,"Avila, Yates and Garcia","4279 Janet Turnpike
West Erinside, VT 07599",Algeria
445,Garcia-Hatfield,"8810 James Isle
North Jeffrey, MN 60318",Moldova
446,Phillips-Johnson,"321 Jennifer Locks
Reneeborough, CT 51219",Aruba
447,Wright Inc,"92420 Perez Drive Suite 940
South Robert, NE 93280",Lesotho
448,Price-Baker,"79691 Barnett Radial
Singhburgh, AL 27559",Samoa
449,Heath-Moody,"8825 Williamson Shoals
Ryanstad, MN 83894",Georgia
450,Ramos PLC,"14369 Simmons Gardens Apt. 767
North Eugeneton, OH 46561",Romania
451,Ray-Harris,"1180 Thomas Street Apt. 020
North Ericland, VT 12832",Sweden
452,Stone-Brown,"4328 Owen Field
North Gregoryville, TX 90258",Guyana
453,Giles-Nguyen,"146 Donald Fords Apt. 670
North Faithmouth, OH 62460",Barbados
454,"Calhoun, Montgomery and Coleman","845 Veronica Mission Suite 403
Romanberg, WV 97584",Russian Federation
455,Clark-Cummings,"289 John Centers
East Jeffreyton, AK 60034",Hong Kong
456,Avery Group,"09516 Karen Mews Suite 018
West Alexander, OH 34878",Kazakhstan
457,Rich-Cook,"04718 Levy Glens Apt. 693
East Eddieview, ME 10417",Russian Federation
458,"Moore, Watts and Beck","7228 Hernandez Alley Suite 311
East Virginiafort, CO 92134",Liechtenstein
459,Delgado-White,"769 Lee Garden
South Amymouth, VT 85888",Seychelles
460,"Thomas, Burton and Freeman","08303 Megan Ville Apt. 371
Port Petertown, NV 51383",Uruguay
461,Beck-Evans,"048 Sparks Junction Suite 701
Herringport, MD 58424",Northern Mariana Islands
462,Curry-Rhodes,"928 Gomez Greens
Katherineshire, AL 80959",Norfolk Island
463,Hernandez-Walters,"68456 Barnes Key Apt. 036
North Paul, KS 50253",Brazil
464,Graham PLC,"332 Jason Highway
Pamelamouth, VA 23548",Iceland
465,Blackwell Group,"738 Hamilton Forge Suite 284
Lake Patrickfurt, ME 44813",Samoa
466,Thomas-Clark,"791 Teresa Fords
Lake Shawnview, SD 05189",Christmas Island
467,Stone-Wilson,"21098 Omar Mountains
North Christopherport, GA 24079",Falkland Islands (Malvinas)
468,Fleming-Benton,"228 Martinez Fork
Carrollmouth, MA 12643",Mauritius
469,Davidson PLC,"057 Fletcher Lock Suite 239
South Paige, TN 17942",Taiwan
470,"Young, Nelson and Anderson","060 Clark Center Apt. 684
Lambertland, WY 44062",Cayman Islands
471,"Fox, White and Stone","193 David Landing Suite 233
Carrchester, RI 42460",Sri Lanka
472,"Green, Jackson and Espinoza","48208 Watts Turnpike
Rogerchester, NV 76558",Mauritius
473,"Nichols, Mercado and Martin","2565 Weiss Oval
Bishopbury, WV 07660",Ethiopia
474,Brown-Castro,"557 Daniel Roads Apt. 274
Sullivanchester, HI 79572",Cuba
475,"Ochoa, Becker and Smith","54363 Nicholas Roads
Lake Victor, AK 37850",British Virgin Islands
476,Leonard and Sons,"22977 Elizabeth Brook Apt. 264
Courtneymouth, PA 40602",Armenia
477,Walters and Sons,"9787 Wells Hills
Lake Earlton, SC 91059",Aruba
478,Lopez-Gould,"162 Katelyn Cliff Suite 096
Jacobmouth, WY 70718",Barbados
479,Ortiz-Ross,"09185 Edwards Land Apt. 954
Scottmouth, MD 61634",Guam
480,Moran-Brown,"97717 William Vista
East Johnborough, NC 93285",Guam
481,"Bennett, Wolf and Howell","161 Jesse Mount Apt. 474
West Marybury, IL 53030",Guatemala
482,Gonzalez-Li,"014 Ho Fort Suite 304
South Davidbury, NM 36330",El Salvador
483,"Rivera, Hunter and Singh","190 Ballard Gateway
Christopherfurt, NV 80074",Senegal
484,"Salazar, Hickman and Lewis","2038 Tina Court
East Shawnview, RI 47442",Western Sahara
485,"Rojas, Casey and Cruz","251 Cathy Landing Apt. 301
East Susan, HI 66584",Vietnam
486,Morris Group,"6642 Thomas Creek
Lake Colleen, CT 00623",Canada
487,Santiago-Stanley,"77619 Paul Garden
Melissastad, DC 29525",Bermuda
488,"Wilson, Mills and Harrison","603 Roberts Village Suite 706
South Kathleenton, MN 51167",Guinea-Bissau
489,"Hunt, Rivera and Carroll","3549 Russell Lake Apt. 933
Schmittfort, AR 26605",Sudan
490,Lopez PLC,"034 Richard Burgs Apt. 918
Michaelfort, IL 55917",Saint Barthelemy
491,Strickland-Mayer,"586 Dana Row Suite 135
Port Jimmy, ND 77650",Congo
492,Blanchard-Madden,"8546 Brian Greens Suite 039
Elizabethbury, KS 59758",Nauru
493,Fuentes-Frank,"PSC 0275, Box 7247
APO AP 77786",Guinea
494,Vance-Tapia,"6310 Mclaughlin Ford Apt. 307
Pattonhaven, FL 86886",Saint Martin
495,"Mcneil, Johnson and Garcia","7655 Robert Dale Suite 685
New Matthew, WA 37567",Kenya
496,Arnold LLC,"PSC 2927, Box 1662
APO AE 07612",Palestinian Territory
497,Cohen Group,"60109 Kelley Keys
Bradleyburgh, NY 52930",Jamaica
498,"Miller, Thomas and Brown","3905 Brenda Ways Suite 661
West Mary, OK 63147",Germany
499,Mclaughlin-Brown,"064 Patricia Ranch
Estradaburgh, GA 26913",Netherlands Antilles
